<?xml version="1.0" encoding="UTF-8"?>
<project-private xmlns="http://www.netbeans.org/ns/project-private/1">
    <editor-bookmarks xmlns="http://www.netbeans.org/ns/editor-bookmarks/2" lastBookmarkId="0"/>
    <open-files xmlns="http://www.netbeans.org/ns/projectui-open-files/2">
        <group>
            <file>file:/C:/Users/dj715494/Desktop/ModelisationS3/Phase%202/Cryptographie/src/cryptographie/DiffieHellman/Attaque_Homme_Milieu.java</file>
            <file>file:/C:/Users/dj715494/Desktop/ModelisationS3/Phase%202/Cryptographie/src/cryptographie/Cryptographie.java</file>
            <file>file:/C:/Users/dj715494/Desktop/ModelisationS3/Phase%202/Cryptographie/src/cryptographie/Transposition/Crypteur_Transpo.java</file>
            <file>file:/C:/Users/dj715494/Desktop/ModelisationS3/Phase%202/Cryptographie/src/cryptographie/DiffieHellman/Fenetre.java</file>
        </group>
    </open-files>
</project-private>
